{
 "PlatformInfo": {
  "Platform": {
   "Name": "Windows",
   "BasePlatform": "Windows",
   "Generator": "2024.1.7.8863"
  },
  "RootPaths": {
   "ProjectRoot": "../..",
   "SourceFilesRoot": "../../.cache",
   "SoundBanksRoot": ".",
   "ExternalSourcesInputFile": "",
   "ExternalSourcesOutputRoot": "."
  },
  "DefaultAlign": "16",
  "Settings": {
   "AutoSoundBankDefinition": "false",
   "CopyLooseStreamedMediaFiles": "true",
   "SubFoldersForGeneratedFiles": "false",
   "RemoveUnusedGeneratedFiles": "true",
   "SourceControlGeneratedFiles": "false",
   "GenerateHeaderFile": "true",
   "GenerateContentTxtFile": "true",
   "GenerateMetadataXML": "false",
   "GenerateMetadataJSON": "true",
   "GenerateAllBanksMetadata": "false",
   "GeneratePerBankMetadata": "true",
   "UseSoundBankNames": "true",
   "AllowExceedingMaxSize": "false",
   "MaxAttenuationInfo": "true",
   "EstimatedDurationInfo": "true",
   "PrintObjectGuid": "true",
   "PrintObjectPath": "true",
   "PrintObjectColor": "true"
  },
  "FileHash": "{D4A1F90D-5931-F16D-C87E-09F74BAAC7AA}"
 }
}