{
 "ProjectInfo": {
  "Project": {
   "Name": "Unity_ProjectHarvest_WwiseProject",
   "GUID": "{3FF55982-7F42-442A-8005-16433FCB25E8}",
   "Generator": "2024.1.7.8863"
  },
  "CacheRoot": "../../../../Unity_ProjectHarvest_WwiseProject/.cache",
  "Platforms": [
   {
    "Name": "Mac",
    "GUID": "{B9975DAE-8D2C-4A77-9B6C-E2B9B81C1C93}",
    "BasePlatform": "Mac",
    "BasePlatformGUID": "{9C6217D5-DD11-4795-87C1-6CE02853C540}",
    "Path": "../../../../Unity_ProjectHarvest_WwiseProject/GeneratedSoundBanks/Mac"
   },
   {
    "Name": "Windows",
    "GUID": "{FFC0316B-2310-4753-A591-AD99F87F4EDA}",
    "BasePlatform": "Windows",
    "BasePlatformGUID": "{6E0CB257-C6C8-4C5C-8366-2740DFC441EB}",
    "Path": "../../../../Unity_ProjectHarvest_WwiseProject/GeneratedSoundBanks/Windows"
   }
  ],
  "Languages": [
   {
    "Name": "English(US)",
    "Id": "684519430",
    "GUID": "{D8C81EB4-C7CF-40B4-9770-1540A616A6EA}",
    "Default": "true",
    "UseAsStandIn": "true"
   }
  ],
  "FileHash": "{F276D81F-EADD-257F-0EAB-78357A7FB643}"
 }
}